{"train": [2.9729710439356363, 2.949381225477389, 2.9475102715375945, 2.9458663986950384, 2.942436196939732, 2.940741920858864, 2.9396911035708295, 2.937954297879847, 2.9365589192243124, 2.936782474440288, 2.9351768803790335, 2.935364554568035, 2.9353735039873823, 2.93387507616989, 2.933537828243845, 2.9331435265579846, 2.9321322576786444, 2.9329406963131293, 2.931871974371313, 2.9313973217475704, 2.9315415048986915, 2.9306762509229705, 2.9301261785553723, 2.9294037566921576, 2.929628746296332, 2.9282202177900607, 2.9278843809918658, 2.9278315780608635, 2.927673901968855, 2.926979018420708, 2.9272315540933995, 2.92650778119157, 2.925706188853194, 2.9247818671590915, 2.92496360026724, 2.9245573466386254, 2.92420562302194, 2.9236948276922954, 2.923147408942866, 2.9229223980167047, 2.9222925814186653, 2.9221119589921907, 2.9219898208370054, 2.921267435802677, 2.9209537719323384, 2.9208171503330633, 2.9203422592907415, 2.9198840730558566, 2.919682669445751, 2.919292168888619], "val": [2.9463941954015715, 2.9443558134683747, 2.946062638507626, 2.9402978187654076, 2.9372622966766357, 2.9374434482760545, 2.934297338733828, 2.9342263597783034, 2.9348470835181755, 2.9315950560375925, 2.931706126143293, 2.930672381951557, 2.9314550442424245, 2.9308764294880194, 2.9296878489052376, 2.928756568490005, 2.9297489945481465, 2.9297786553700766, 2.9279012331148473, 2.9305410734037074, 2.9281517044315493, 2.9274875012839714, 2.9256892766409774, 2.927352009749994, 2.9255012884372618, 2.9250980121333425, 2.9250189831586386, 2.925281852241454, 2.923946886527829, 2.9246827664414075, 2.9246650284867948, 2.9234369886599905, 2.922226626698564, 2.922352721051472, 2.9221188014115747, 2.921936205732144, 2.9213386609302305, 2.9209384530540405, 2.920537997067459, 2.920026565954937, 2.9200200879476905, 2.919780816489119, 2.91978284207786, 2.9193879336845585, 2.919264209948904, 2.919065285504349, 2.9190476386527706, 2.9188562583147997, 2.9189189643394657, 2.918763970941063]}