{"train": [2.4107003616605485, 1.5529907193456378, 1.5225538548742021, 1.5136770152228218, 1.5079738607406616, 1.505576235784803, 1.503420671912602, 1.5007452471188136, 1.4993027953420366, 1.4973182275499617, 1.494813394669124, 1.4937599582127163, 1.492505824129922, 1.4917856853621347, 1.4894133258274624, 1.488430507864271, 1.4872178392818995, 1.4859531043461391, 1.4842228750773838, 1.4830687380381993, 1.4813581954547337, 1.4803216423715864, 1.4785822633062091, 1.4772041521208628, 1.4756130686351232], "val": [1.5951107428868612, 1.5298292867660523, 1.514848417154948, 1.5146600878715515, 1.516258710829417, 1.5064984939893087, 1.4997252613067626, 1.498869745349884, 1.4977300282478332, 1.500410671933492, 1.4972242941220602, 1.4966279357910157, 1.4944846844355266, 1.4920631781578064, 1.4902939580917358, 1.4892629794120789, 1.4870599950472514, 1.4866635997454325, 1.4860343225161234, 1.485420038064321, 1.485615172704061, 1.4840563664754232, 1.4835294802347818, 1.4826894868214926, 1.4822283474286397]}